date,customer_id,product_category,city,quantity,unit_price,discount,payment_method,revenue
2024-10-29,1409,Groceries,Bangalore,4,150.44,0.22,UPI,469.39
2024-10-04,7912,Electronics,Delhi,2,827.96,0.15,Cash,1407.53
2025-01-26,9928,Clothing,Mumbai,8,671.41,0.24,Cash,4082.19
2024-12-17,7924,Clothing,Bangalore,3,372.25,0.23,Cash,859.9
2024-10-09,7224,Electronics,Bangalore,6,1405.59,0.24,UPI,6409.49
2025-10-20,9785,Electronics,Chennai,2,1328.06,0.25,UPI,1992.09
2025-07-12,4150,Groceries,Delhi,1,347.57,0.23,Cash,267.63
2025-03-02,2654,Clothing,Bangalore,8,708.55,0.11,Card,5044.86
2025-07-05,4432,Groceries,Bangalore,2,324.11,0.05,UPI,615.81
2025-03-14,3677,Clothing,Chennai,5,991.62,0.19,UPI,4016.06
2025-02-16,6313,Electronics,Mumbai,1,1707.57,0.12,Cash,1502.66
2025-02-08,6155,Electronics,Chennai,7,1827.02,0.19,Cash,10359.23
2025-04-04,3287,Electronics,Hyderabad,9,894.11,0.18,UPI,6598.55
2025-08-19,6930,Electronics,Mumbai,9,1240.27,0.23,Cash,8595.1
2024-12-10,3621,Groceries,Chennai,10,78.59,0.11,Card,699.43
2025-03-21,1188,Groceries,Delhi,9,387.9,0.23,Card,2688.11
2024-10-29,5808,Clothing,Mumbai,8,202.6,0.22,UPI,1264.2
2025-04-02,9201,Electronics,Hyderabad,2,1805.78,0.09,UPI,3286.52
2025-12-08,4258,Electronics,Bangalore,3,1309.07,0.23,UPI,3023.95
2024-07-07,6310,Clothing,Delhi,2,943.28,0.26,Card,1396.05
2025-03-09,1949,Electronics,Hyderabad,2,628.48,0.15,Cash,1068.42
2024-11-12,3103,Groceries,Chennai,9,124.31,0.16,UPI,939.76
2025-09-13,4470,Groceries,Mumbai,5,229.55,0.2,Card,918.19
2025-09-28,9479,Clothing,Delhi,4,379.76,0.1,UPI,1367.13
2025-02-27,4608,Electronics,Delhi,1,843.41,0.27,Card,615.69
2024-09-17,9423,Electronics,Bangalore,8,821.36,0.04,UPI,6308.01
2025-11-03,4981,Clothing,Chennai,4,275.46,0.2,Card,881.47
2025-09-13,7735,Clothing,Delhi,2,248.49,0.22,Cash,387.64
2025-03-18,4139,Electronics,Hyderabad,8,710.27,0.06,Card,5341.26
2025-03-19,2235,Clothing,Hyderabad,2,240.47,0.3,Cash,336.66
2024-10-10,4872,Electronics,Chennai,8,1222.04,0.26,Cash,7234.46
2024-12-22,7209,Electronics,Chennai,5,1889.78,0.24,Card,7181.15
2025-09-13,8973,Electronics,Mumbai,5,826.55,0.02,UPI,4050.1
2024-09-07,6138,Electronics,Delhi,10,1215.18,0.28,UPI,8749.32
2024-12-15,1931,Groceries,Delhi,3,80.83,0.02,Cash,237.65
2025-08-24,2964,Groceries,Mumbai,10,317.53,0.19,Card,2572.02
2025-12-24,6183,Clothing,Mumbai,6,390.95,0.12,UPI,2064.21
2025-05-10,8491,Clothing,Delhi,1,566.63,0.3,Cash,396.64
2024-09-20,9808,Electronics,Hyderabad,5,698.68,0.1,Cash,3144.08
2025-03-14,7054,Clothing,Mumbai,8,867.0,0.21,UPI,5479.41
2024-07-15,5905,Groceries,Delhi,3,169.01,0.27,UPI,370.13
2024-12-13,5462,Clothing,Hyderabad,4,774.09,0.06,UPI,2910.58
2025-04-03,9280,Clothing,Bangalore,1,273.84,0.13,Card,238.24
2024-08-21,1058,Clothing,Mumbai,5,329.27,0.13,UPI,1432.31
2025-09-17,1158,Electronics,Delhi,3,1318.39,0.25,UPI,2966.37
2024-12-05,8041,Electronics,Delhi,5,1046.98,0.28,Cash,3769.12
2025-07-08,4441,Groceries,Mumbai,2,209.16,0.17,Card,347.2
2024-12-12,4878,Electronics,Mumbai,7,537.18,0.22,Card,2933.0
2025-09-01,5065,Clothing,Mumbai,2,506.03,0.01,Card,1001.95
2025-02-19,4269,Clothing,Bangalore,5,856.43,0.26,Cash,3168.79
2024-07-31,4164,Clothing,Bangalore,5,891.48,0.29,Card,3164.76
2025-07-01,9346,Clothing,Hyderabad,6,951.39,0.03,Card,5537.09
2025-01-05,5349,Electronics,Delhi,10,1151.85,0.22,Card,8984.4
2025-09-26,9379,Electronics,Chennai,10,785.12,0.01,Card,7772.67
2024-07-08,9518,Groceries,Mumbai,6,244.08,0.28,Card,1054.44
2025-05-24,3041,Groceries,Bangalore,9,189.18,0.12,Card,1498.29
2025-05-05,3085,Electronics,Chennai,7,1515.98,0.27,UPI,7746.64
2025-05-11,7653,Groceries,Delhi,5,179.11,0.13,UPI,779.13
2025-06-01,8618,Clothing,Chennai,4,608.94,0.24,UPI,1851.18
2024-12-27,2389,Clothing,Hyderabad,10,468.15,0.25,Cash,3511.13
2025-05-20,4680,Electronics,Mumbai,1,569.32,0.3,UPI,398.52
2024-09-19,8461,Clothing,Hyderabad,4,774.68,0.12,Card,2726.86
2025-03-13,3417,Groceries,Delhi,2,400.29,0.07,UPI,744.54
2025-12-19,8611,Electronics,Hyderabad,4,1876.21,0.04,Cash,7204.63
2025-10-25,9702,Groceries,Hyderabad,6,477.52,0.27,UPI,2091.53
2025-12-05,7991,Groceries,Chennai,3,384.64,0.14,Card,992.38
2025-03-17,5543,Groceries,Chennai,4,173.57,0.02,Card,680.39
2025-03-04,5451,Clothing,Bangalore,9,264.46,0.05,Card,2261.15
2024-12-10,4505,Electronics,Chennai,7,996.32,0.14,Cash,5997.86
2025-02-03,7883,Clothing,Hyderabad,1,885.39,0.23,Card,681.75
2025-11-07,1096,Clothing,Bangalore,7,882.76,0.29,Card,4387.31
2025-02-17,8999,Electronics,Bangalore,7,1228.46,0.12,UPI,7567.33
2025-08-25,3704,Clothing,Mumbai,10,627.3,0.27,UPI,4579.28
2024-08-03,2375,Groceries,Chennai,3,440.08,0.05,Card,1254.24
2025-07-30,6363,Electronics,Chennai,6,1006.25,0.26,Card,4467.75
2025-09-11,5133,Electronics,Chennai,1,1623.54,0.02,Card,1591.07
2025-02-21,2124,Groceries,Delhi,1,477.33,0.06,Cash,448.69
2024-12-10,4908,Electronics,Chennai,2,1345.95,0.07,UPI,2503.48
2025-03-26,7043,Electronics,Hyderabad,10,1945.6,0.22,Cash,15175.7
2025-05-21,2771,Groceries,Delhi,5,309.11,0.27,Card,1128.25
2025-08-17,4249,Electronics,Hyderabad,4,652.85,0.23,UPI,2010.78
2024-11-07,1672,Clothing,Hyderabad,7,729.22,0.02,UPI,5002.43
2025-06-21,1207,Clothing,Chennai,2,546.82,0.11,Card,973.34
2024-12-10,8135,Electronics,Hyderabad,5,1423.87,0.28,Card,5125.93
2025-10-26,8136,Groceries,Hyderabad,5,195.04,0.07,Cash,906.92
2025-04-18,8385,Electronics,Chennai,10,1415.5,0.11,Cash,12597.93
2025-11-25,6325,Electronics,Chennai,4,1032.24,0.08,Card,3798.63
2025-04-15,1166,Groceries,Mumbai,2,158.61,0.12,UPI,279.15
2025-03-10,8800,Groceries,Chennai,8,406.82,0.03,Cash,3156.92
2025-08-25,4986,Clothing,Hyderabad,6,578.61,0.16,Card,2916.19
2025-06-10,6764,Groceries,Chennai,5,187.98,0.07,UPI,874.11
2025-01-20,6169,Electronics,Hyderabad,3,787.31,0.22,Card,1842.31
2025-12-26,5636,Electronics,Mumbai,5,841.22,0.05,Cash,3995.82
2024-11-13,5494,Electronics,Delhi,9,938.2,0.28,UPI,6079.57
2025-11-21,2680,Electronics,Hyderabad,5,1204.1,0.13,Cash,5237.82
2024-08-28,5136,Clothing,Delhi,2,520.57,0.02,UPI,1020.31
2024-08-30,3485,Electronics,Hyderabad,5,627.77,0.07,UPI,2919.14
2025-09-06,4697,Groceries,Chennai,8,458.83,0.09,UPI,3340.26
2025-09-19,6003,Groceries,Hyderabad,1,324.33,0.22,Cash,252.98
2025-02-08,5335,Groceries,Delhi,3,157.94,0.17,Cash,393.27
2024-07-09,7693,Clothing,Hyderabad,8,433.01,0.07,UPI,3221.58
2025-04-22,8438,Electronics,Mumbai,5,1681.74,0.19,UPI,6811.06
2025-01-25,7965,Electronics,Hyderabad,4,1471.45,0.27,Cash,4296.64
2024-09-18,1977,Electronics,Bangalore,10,1623.44,0.17,Card,13474.52
2025-09-29,3037,Clothing,Bangalore,7,954.14,0.15,Card,5677.14
2025-09-28,2317,Groceries,Delhi,7,380.54,0.18,Cash,2184.3
2024-10-08,4750,Groceries,Hyderabad,10,477.85,0.3,UPI,3344.98
2025-04-08,1659,Electronics,Chennai,9,1477.26,0.27,Cash,9705.63
2025-09-26,9056,Electronics,Chennai,6,1112.52,0.1,Cash,6007.62
2024-12-18,6403,Clothing,Chennai,5,730.07,0.12,UPI,3212.29
2024-08-13,8451,Electronics,Bangalore,5,984.91,0.29,Card,3496.43
2025-12-15,1018,Groceries,Hyderabad,8,235.96,0.06,Card,1774.43
2025-11-29,8242,Electronics,Mumbai,5,1323.83,0.28,Card,4765.79
2025-11-15,2989,Electronics,Hyderabad,4,1564.67,0.09,Cash,5695.41
2025-08-28,2527,Electronics,Delhi,8,1920.59,0.19,Cash,12445.43
2025-11-29,5781,Groceries,Bangalore,7,425.63,0.29,Cash,2115.36
2025-10-17,3369,Clothing,Mumbai,10,606.59,0.26,Cash,4488.79
2025-04-15,7798,Clothing,Hyderabad,5,856.44,0.08,Card,3939.62
2025-11-20,3434,Clothing,Hyderabad,8,476.1,0.17,UPI,3161.3
2025-07-28,8460,Clothing,Mumbai,4,657.44,0.07,Card,2445.67
2024-08-20,6213,Groceries,Chennai,7,223.74,0.2,UPI,1252.92
2024-12-09,9115,Electronics,Mumbai,9,1948.03,0.1,Cash,15779.05
2025-09-30,2633,Groceries,Chennai,1,375.1,0.12,UPI,330.09
2024-12-12,2225,Clothing,Bangalore,6,698.61,0.12,Cash,3688.65
2025-06-08,9742,Clothing,Bangalore,8,897.91,0.01,Cash,7111.42
2025-03-04,5708,Electronics,Delhi,7,1967.51,0.23,UPI,10604.86
2024-10-17,8269,Electronics,Bangalore,1,568.99,0.24,Card,432.43
2025-07-09,7141,Clothing,Mumbai,4,624.93,0.17,Cash,2074.78
2024-12-28,3868,Electronics,Hyderabad,7,1429.57,0.07,UPI,9306.47
2024-11-30,4804,Clothing,Bangalore,8,404.26,0.0,Card,3234.09
2025-04-27,9955,Electronics,Delhi,8,1917.85,0.3,Card,10739.98
2025-09-14,5097,Clothing,Bangalore,4,999.5,0.26,Cash,2958.52
2025-03-06,7248,Groceries,Bangalore,10,183.14,0.21,Cash,1446.83
2025-08-16,5497,Electronics,Hyderabad,1,1865.93,0.22,Card,1455.42
2025-02-27,6772,Electronics,Mumbai,10,875.94,0.23,UPI,6744.74
2024-11-24,2591,Groceries,Delhi,5,404.87,0.01,Card,2004.13
2024-11-18,2476,Clothing,Bangalore,7,340.51,0.04,UPI,2288.24
2025-07-16,9697,Groceries,Bangalore,3,165.64,0.25,Card,372.68
2025-05-05,6549,Electronics,Chennai,2,711.14,0.29,UPI,1009.81
2025-08-17,6992,Electronics,Chennai,1,896.69,0.04,Card,860.82
2025-04-01,7242,Groceries,Bangalore,2,353.68,0.14,UPI,608.32
2025-06-07,4626,Groceries,Delhi,8,459.22,0.09,Card,3343.15
2024-11-03,3290,Electronics,Delhi,5,1993.89,0.03,Cash,9670.37
2024-11-22,7367,Clothing,Bangalore,9,535.3,0.22,Cash,3757.82
2025-09-04,2622,Clothing,Hyderabad,7,951.24,0.08,UPI,6126.0
2025-07-21,4559,Clothing,Chennai,4,884.36,0.03,UPI,3431.32
2025-07-18,9920,Groceries,Bangalore,1,229.16,0.06,Cash,215.41
2025-10-15,2501,Groceries,Mumbai,10,486.99,0.02,Card,4772.52
2025-03-13,3063,Groceries,Mumbai,2,423.42,0.17,UPI,702.87
2025-02-13,4817,Clothing,Mumbai,10,202.27,0.26,Cash,1496.79
2024-11-17,9850,Clothing,Mumbai,2,728.85,0.01,Cash,1443.12
2025-07-08,4898,Groceries,Bangalore,1,128.41,0.02,UPI,125.84
2025-09-11,9619,Electronics,Delhi,8,1172.41,0.11,UPI,8347.58
2024-10-26,8405,Groceries,Mumbai,10,69.51,0.23,UPI,535.26
2025-12-22,5941,Clothing,Delhi,1,998.87,0.25,Card,749.15
2024-10-25,9032,Groceries,Chennai,2,454.67,0.1,Cash,818.41
2024-09-12,3067,Clothing,Hyderabad,10,638.69,0.1,UPI,5748.17
2025-05-04,8433,Groceries,Hyderabad,7,94.63,0.21,UPI,523.31
2025-02-12,8046,Clothing,Mumbai,7,471.15,0.14,Card,2836.29
2024-10-12,6120,Clothing,Bangalore,5,499.44,0.05,Card,2372.34
2024-09-13,2494,Electronics,Delhi,7,644.85,0.22,Cash,3520.86
2024-09-06,6400,Groceries,Delhi,7,209.12,0.2,Card,1171.07
2024-08-28,5712,Groceries,Bangalore,6,96.62,0.15,Cash,492.76
2025-11-12,4674,Electronics,Bangalore,9,1051.34,0.23,UPI,7285.8
2025-02-23,8030,Groceries,Hyderabad,10,353.74,0.17,UPI,2936.04
2025-04-06,1474,Electronics,Bangalore,5,1882.31,0.11,Cash,8376.26
2024-11-30,7566,Electronics,Mumbai,1,637.64,0.16,Card,535.61
2025-09-09,8432,Clothing,Mumbai,6,449.31,0.1,UPI,2426.27
2024-10-01,1861,Electronics,Mumbai,10,574.64,0.02,Card,5631.51
2025-09-14,8957,Groceries,Chennai,7,172.93,0.23,Cash,932.07
2025-06-25,8043,Electronics,Bangalore,10,1229.95,0.2,Cash,9839.59
2025-02-17,7475,Groceries,Delhi,1,141.99,0.28,Cash,102.23
2025-03-25,5742,Clothing,Delhi,1,597.91,0.13,Cash,520.18
2025-07-31,9725,Groceries,Mumbai,9,301.43,0.2,Card,2170.26
2024-09-18,7505,Groceries,Delhi,7,58.43,0.28,Card,294.51
2025-09-19,7626,Groceries,Chennai,5,101.83,0.01,Card,504.05
2024-12-29,8538,Groceries,Bangalore,2,246.52,0.03,Card,478.25
2025-08-21,9584,Electronics,Chennai,5,1618.71,0.07,Cash,7526.99
2024-09-23,9363,Groceries,Delhi,9,279.48,0.27,Card,1836.17
2025-07-01,3419,Electronics,Delhi,3,883.95,0.05,Cash,2519.26
2024-09-22,3902,Groceries,Chennai,8,389.5,0.23,Card,2399.32
2025-06-02,6179,Electronics,Chennai,2,1203.38,0.19,Card,1949.48
2024-09-02,6766,Groceries,Delhi,5,257.78,0.01,Card,1276.03
2025-04-26,2257,Groceries,Delhi,10,317.34,0.12,UPI,2792.56
2024-08-18,8368,Groceries,Mumbai,6,322.25,0.15,Cash,1643.49
2025-10-11,2695,Clothing,Delhi,9,716.9,0.01,UPI,6387.59
2025-09-28,8199,Groceries,Hyderabad,10,121.44,0.11,Card,1080.78
2025-08-07,7697,Clothing,Hyderabad,1,831.38,0.19,Cash,673.42
2025-06-09,2548,Groceries,Chennai,5,163.4,0.26,UPI,604.57
2024-12-07,6461,Electronics,Hyderabad,3,1875.12,0.09,UPI,5119.08
2025-08-12,3112,Groceries,Delhi,5,301.51,0.19,Card,1221.14
2024-11-14,9624,Electronics,Chennai,9,1042.74,0.11,Cash,8352.36
2025-02-11,6598,Clothing,Mumbai,4,999.98,0.05,Card,3799.93
2024-10-18,9317,Groceries,Hyderabad,1,347.87,0.26,UPI,257.42
2024-11-18,7172,Electronics,Mumbai,3,1747.02,0.23,Cash,4035.61
2025-09-28,1715,Clothing,Bangalore,4,975.67,0.18,UPI,3200.2
2025-10-09,4833,Groceries,Mumbai,5,484.52,0.24,Cash,1841.17
2025-07-18,8218,Clothing,Bangalore,7,602.33,0.13,Cash,3668.16
2025-01-27,3267,Clothing,Delhi,8,899.29,0.17,Cash,5971.31
2025-12-17,3042,Clothing,Delhi,3,418.23,0.27,Cash,915.93
2025-09-27,2502,Electronics,Chennai,6,1895.71,0.12,Card,10009.34
2025-12-03,7126,Electronics,Chennai,2,1062.37,0.01,Cash,2103.49
2025-06-15,3392,Electronics,Delhi,5,1876.09,0.14,Cash,8067.21
2025-10-30,8349,Groceries,Delhi,2,58.55,0.06,Cash,110.08
2025-12-29,7934,Electronics,Bangalore,4,951.73,0.01,Card,3768.84
2025-10-18,2029,Electronics,Chennai,10,1304.08,0.19,UPI,10563.05
2025-03-11,3352,Clothing,Chennai,1,691.85,0.07,Card,643.42
2025-01-14,2402,Groceries,Bangalore,2,479.03,0.16,UPI,804.77
2024-07-27,7397,Clothing,Delhi,7,984.83,0.08,Cash,6342.32
2025-07-07,2106,Clothing,Mumbai,2,817.2,0.22,Card,1274.83
2024-11-20,1726,Clothing,Hyderabad,6,850.81,0.05,UPI,4849.6
2025-10-25,8840,Groceries,Mumbai,3,78.4,0.23,Card,181.09
2024-08-13,5807,Electronics,Delhi,4,1828.69,0.09,Card,6656.42
2025-12-16,7524,Groceries,Chennai,5,66.48,0.19,Card,269.24
2025-07-07,1783,Groceries,Bangalore,5,106.01,0.11,Card,471.76
2025-09-30,7334,Clothing,Mumbai,8,753.65,0.11,UPI,5366.02
2025-04-06,2353,Groceries,Chennai,2,243.77,0.3,Cash,341.28
2025-05-03,6262,Electronics,Delhi,6,1491.38,0.09,UPI,8142.93
2025-09-16,3730,Groceries,Chennai,6,251.21,0.22,Card,1175.66
2025-09-25,5498,Groceries,Delhi,2,352.03,0.12,UPI,619.58
2024-12-17,1510,Electronics,Hyderabad,8,552.2,0.02,UPI,4329.24
2025-07-17,6933,Clothing,Hyderabad,1,684.08,0.2,Card,547.26
2025-07-22,8273,Electronics,Hyderabad,3,1294.19,0.12,UPI,3416.66
2025-04-18,5089,Electronics,Delhi,3,1248.57,0.12,UPI,3296.21
2024-11-04,5288,Clothing,Chennai,4,997.09,0.09,Card,3629.42
2025-01-27,3009,Electronics,Delhi,8,758.98,0.21,Cash,4796.78
2025-05-30,6692,Groceries,Delhi,9,293.98,0.27,Cash,1931.43
2025-01-01,6922,Groceries,Mumbai,2,493.31,0.24,Cash,749.83
2025-11-24,1430,Clothing,Hyderabad,10,495.13,0.24,UPI,3762.98
2024-11-16,2412,Electronics,Bangalore,7,1999.39,0.22,UPI,10916.68
2025-08-31,7708,Groceries,Delhi,3,487.57,0.19,Card,1184.8
2025-10-27,9476,Clothing,Mumbai,9,711.84,0.05,Cash,6086.19
2025-09-23,9238,Electronics,Delhi,9,729.52,0.05,Card,6237.42
2025-02-22,6669,Groceries,Bangalore,2,162.77,0.19,UPI,263.69
2025-04-14,3050,Groceries,Bangalore,10,290.07,0.15,Cash,2465.55
2024-12-11,3804,Groceries,Hyderabad,10,201.93,0.28,Cash,1453.89
2024-08-05,2330,Electronics,Hyderabad,5,1476.69,0.23,Card,5685.28
2024-08-07,9159,Groceries,Hyderabad,5,338.86,0.09,Cash,1541.81
2025-08-26,5873,Clothing,Delhi,1,326.46,0.12,Card,287.29
2025-01-31,6573,Groceries,Mumbai,6,437.67,0.1,Card,2363.41
2025-08-19,3142,Clothing,Hyderabad,9,284.95,0.07,Cash,2385.01
2025-04-06,8366,Electronics,Mumbai,2,575.91,0.28,UPI,829.31
2025-09-08,5067,Electronics,Bangalore,10,1581.69,0.06,Cash,14867.91
2025-11-29,9433,Clothing,Chennai,5,597.9,0.03,Card,2899.8
2025-12-06,8491,Electronics,Mumbai,10,1029.34,0.02,Card,10087.56
2025-10-31,5681,Groceries,Delhi,2,243.92,0.26,UPI,361.0
2025-07-16,7606,Clothing,Delhi,7,240.93,0.17,Card,1399.78
2025-04-28,2204,Clothing,Hyderabad,8,811.52,0.08,UPI,5972.81
2024-11-05,3108,Electronics,Chennai,6,1692.35,0.1,Card,9138.67
2024-12-01,4261,Groceries,Hyderabad,7,275.04,0.01,Cash,1905.99
2025-06-13,8761,Groceries,Chennai,3,322.82,0.15,Card,823.18
2025-05-29,3662,Clothing,Hyderabad,5,674.98,0.15,UPI,2868.66
2025-11-20,5911,Clothing,Delhi,6,464.99,0.03,Card,2706.25
2025-05-18,1436,Groceries,Chennai,5,485.18,0.23,UPI,1867.95
2025-02-25,1841,Groceries,Chennai,3,285.9,0.22,Card,669.02
2024-12-05,4968,Electronics,Hyderabad,2,786.18,0.13,Card,1367.95
2024-12-09,7765,Groceries,Mumbai,7,275.82,0.18,Card,1583.2
2024-09-08,3262,Groceries,Mumbai,9,196.27,0.2,UPI,1413.16
2025-07-27,6140,Electronics,Chennai,9,1013.49,0.11,UPI,8118.06
2025-04-03,8932,Electronics,Mumbai,5,1337.13,0.07,Card,6217.65
2025-04-28,4396,Groceries,Chennai,6,265.91,0.17,UPI,1324.24
2025-04-13,5715,Electronics,Hyderabad,9,1069.54,0.29,Card,6834.37
2024-12-03,5758,Electronics,Bangalore,2,1019.55,0.13,Card,1774.01
2025-11-09,4505,Electronics,Hyderabad,5,1899.54,0.21,Cash,7503.17
2024-10-26,4920,Electronics,Delhi,9,838.51,0.07,Cash,7018.31
2025-09-03,6411,Groceries,Chennai,2,356.54,0.04,UPI,684.55
2024-12-15,7666,Groceries,Chennai,8,342.74,0.23,Card,2111.29
2025-05-31,5676,Groceries,Delhi,2,343.53,0.07,UPI,638.97
2024-08-14,3868,Clothing,Mumbai,1,997.74,0.12,Card,878.01
2025-01-13,5742,Electronics,Delhi,5,1351.94,0.03,Card,6556.92
2025-04-24,8444,Groceries,Hyderabad,9,272.26,0.28,UPI,1764.25
2025-10-29,5470,Electronics,Delhi,6,743.74,0.14,Card,3837.71
2025-01-13,1230,Groceries,Bangalore,5,305.5,0.23,Cash,1176.18
2025-08-26,8007,Groceries,Bangalore,2,230.37,0.03,Cash,446.93
2025-11-07,6301,Electronics,Delhi,5,1075.36,0.13,Card,4677.82
2025-06-09,5947,Groceries,Hyderabad,1,167.7,0.11,Cash,149.25
2024-09-08,2936,Clothing,Bangalore,3,524.33,0.15,UPI,1337.05
2025-05-21,2923,Groceries,Bangalore,6,326.58,0.07,Cash,1822.32
2025-11-08,3509,Clothing,Hyderabad,6,532.68,0.16,Card,2684.69
2025-02-15,5054,Groceries,Hyderabad,2,286.48,0.16,Card,481.28
2024-09-24,2838,Electronics,Hyderabad,9,803.24,0.16,Cash,6072.46
2025-06-07,9525,Clothing,Delhi,4,773.53,0.15,UPI,2630.02
2025-10-06,1911,Clothing,Mumbai,9,532.34,0.17,UPI,3976.58
2025-10-23,6049,Groceries,Delhi,7,164.51,0.0,Cash,1151.54
2024-09-19,1742,Clothing,Bangalore,2,632.93,0.02,Cash,1240.54
2025-11-02,1519,Clothing,Chennai,3,815.18,0.23,UPI,1883.06
2025-09-10,7135,Clothing,Chennai,7,500.52,0.2,UPI,2802.89
2024-11-20,6697,Electronics,Mumbai,9,1089.59,0.04,Cash,9414.04
2024-07-10,1372,Clothing,Chennai,9,539.3,0.11,Cash,4319.81
2025-03-17,8546,Clothing,Mumbai,5,350.78,0.26,Cash,1297.9
2024-08-08,7868,Groceries,Delhi,4,142.74,0.03,Cash,553.82
2025-10-07,1797,Electronics,Delhi,7,1158.44,0.16,Cash,6811.65
2024-11-27,9255,Clothing,Mumbai,10,455.12,0.18,UPI,3732.01
2025-05-31,4881,Clothing,Mumbai,9,376.83,0.09,Cash,3086.27
2025-01-02,7999,Groceries,Chennai,1,487.53,0.28,UPI,351.02
2025-08-01,9592,Clothing,Chennai,7,319.37,0.11,UPI,1989.7
2025-11-03,4948,Electronics,Bangalore,3,1708.66,0.27,UPI,3741.97
2025-09-02,7824,Groceries,Hyderabad,3,224.79,0.08,Card,620.42
2024-09-25,8369,Clothing,Delhi,9,779.67,0.06,Card,6595.99
2025-07-28,1647,Electronics,Mumbai,10,1586.46,0.17,Card,13167.6
2025-02-05,6455,Clothing,Delhi,4,949.73,0.29,Cash,2697.23
2025-11-09,4974,Groceries,Hyderabad,4,228.48,0.07,Card,849.96
2025-04-22,7236,Clothing,Hyderabad,6,446.74,0.11,Card,2385.58
2025-10-27,2615,Groceries,Chennai,6,461.45,0.11,Card,2464.14
2024-08-22,4625,Groceries,Mumbai,1,167.35,0.28,UPI,120.49
2025-09-07,5836,Electronics,Mumbai,6,845.03,0.17,Cash,4208.24
2025-11-30,6530,Clothing,Chennai,8,568.66,0.22,Card,3548.46
2024-12-27,3293,Groceries,Hyderabad,8,132.82,0.27,UPI,775.68
2024-09-05,9584,Electronics,Delhi,1,1646.51,0.12,UPI,1448.93
2025-02-28,2113,Groceries,Mumbai,1,148.42,0.14,Cash,127.64
2025-11-13,8993,Electronics,Delhi,9,1327.47,0.0,UPI,11947.19
2025-04-14,9777,Clothing,Delhi,9,850.53,0.2,Cash,6123.79
2024-10-24,2578,Groceries,Mumbai,4,136.37,0.16,Card,458.2
2025-04-06,7502,Electronics,Bangalore,7,1188.5,0.07,UPI,7737.11
2025-02-23,5914,Groceries,Delhi,1,92.08,0.11,UPI,81.95
2025-11-06,1919,Groceries,Delhi,3,87.21,0.25,UPI,196.22
2025-06-11,2562,Groceries,Delhi,4,145.14,0.26,UPI,429.61
2025-11-05,5441,Electronics,Delhi,5,1848.97,0.17,Cash,7673.22
2025-01-06,6152,Electronics,Mumbai,10,716.29,0.25,Card,5372.16
2024-09-23,5903,Electronics,Hyderabad,4,1350.04,0.25,UPI,4050.13
2025-06-11,7288,Groceries,Mumbai,2,275.36,0.29,Cash,391.01
2024-10-15,8161,Electronics,Delhi,6,1407.75,0.18,UPI,6926.15
2025-08-17,6347,Electronics,Bangalore,8,1235.91,0.11,Card,8799.64
2025-09-22,4043,Groceries,Hyderabad,7,88.56,0.19,Cash,502.15
2024-09-20,2344,Clothing,Mumbai,7,769.34,0.19,UPI,4362.17
2025-08-09,6188,Clothing,Delhi,2,204.16,0.09,Card,371.56
2025-04-09,2674,Electronics,Delhi,3,1146.47,0.17,UPI,2854.71
2025-08-28,2692,Electronics,Delhi,6,1331.33,0.18,Card,6550.14
2025-08-05,1202,Clothing,Chennai,7,823.34,0.22,UPI,4495.41
2025-03-12,9537,Electronics,Chennai,3,708.26,0.09,Card,1933.55
2024-12-03,2036,Electronics,Chennai,5,1131.65,0.15,Cash,4809.53
2025-07-11,5123,Electronics,Chennai,10,1425.0,0.14,Cash,12255.03
2025-05-14,1110,Clothing,Bangalore,10,503.91,0.26,Card,3728.95
2025-06-14,8055,Groceries,Hyderabad,3,185.2,0.18,UPI,455.58
2025-01-28,8848,Clothing,Mumbai,7,974.98,0.09,UPI,6210.62
2025-11-21,4971,Clothing,Chennai,5,853.2,0.12,Cash,3754.06
2025-01-27,9939,Electronics,Hyderabad,1,1929.51,0.14,UPI,1659.38
2025-02-06,8183,Clothing,Delhi,7,738.38,0.04,Card,4961.93
2025-03-11,5139,Groceries,Mumbai,7,405.08,0.02,UPI,2778.88
2025-11-09,7566,Groceries,Hyderabad,7,294.64,0.24,Card,1567.49
2024-10-02,2791,Electronics,Bangalore,3,1470.5,0.01,UPI,4367.38
2025-08-20,6432,Clothing,Delhi,1,278.89,0.07,UPI,259.36
2025-12-20,4621,Clothing,Bangalore,7,570.45,0.2,UPI,3194.52
2025-12-01,3469,Clothing,Delhi,8,283.64,0.12,Cash,1996.82
2024-11-02,3321,Clothing,Bangalore,6,564.27,0.06,Card,3182.46
2025-06-28,8801,Electronics,Chennai,8,978.36,0.09,UPI,7122.49
2024-11-01,1370,Clothing,Delhi,3,943.94,0.22,UPI,2208.81
2025-01-01,3623,Clothing,Hyderabad,7,966.77,0.07,Card,6293.67
2025-01-11,4053,Groceries,Chennai,7,63.14,0.18,Cash,362.4
2025-10-10,8037,Clothing,Delhi,4,364.63,0.23,Cash,1123.05
2024-10-19,9796,Electronics,Bangalore,6,795.61,0.03,UPI,4630.46
2025-11-20,9646,Groceries,Bangalore,10,224.89,0.12,Cash,1979.01
2025-06-28,6766,Clothing,Hyderabad,3,850.99,0.21,Card,2016.85
2024-10-01,3194,Clothing,Delhi,4,444.3,0.05,UPI,1688.36
2024-11-28,9369,Clothing,Chennai,10,310.29,0.12,Cash,2730.59
2025-11-17,9804,Groceries,Mumbai,9,125.09,0.09,Cash,1024.48
2025-05-25,8389,Groceries,Delhi,6,478.33,0.15,Cash,2439.48
2025-08-04,9281,Groceries,Chennai,7,358.11,0.12,Card,2205.98
2025-11-19,3740,Electronics,Hyderabad,1,1693.82,0.07,Cash,1575.25
2025-04-14,4683,Groceries,Bangalore,3,401.33,0.17,Card,999.32
2025-12-12,2854,Groceries,Delhi,5,398.8,0.25,Card,1495.5
2024-08-18,8231,Groceries,Mumbai,7,96.09,0.25,Cash,504.46
2025-05-07,1528,Clothing,Bangalore,6,889.76,0.03,Cash,5178.4
2025-03-06,4438,Groceries,Hyderabad,6,437.47,0.18,Card,2152.36
2024-12-23,3281,Electronics,Mumbai,1,1355.11,0.16,UPI,1138.29
2024-12-26,6302,Groceries,Bangalore,5,307.73,0.29,UPI,1092.45
2024-10-12,3221,Clothing,Delhi,5,893.64,0.04,Cash,4289.46
2025-03-19,3396,Groceries,Bangalore,4,392.66,0.2,Card,1256.52
2024-11-29,5402,Groceries,Chennai,7,253.4,0.19,Cash,1436.76
2025-08-23,9447,Groceries,Bangalore,6,254.61,0.15,UPI,1298.53
2024-07-09,2526,Groceries,Chennai,6,432.55,0.24,Card,1972.42
2025-02-15,8039,Electronics,Chennai,5,984.3,0.09,UPI,4478.55
2024-11-17,8951,Clothing,Delhi,1,279.66,0.24,Card,212.54
2024-07-23,3035,Electronics,Chennai,8,501.01,0.29,Cash,2845.76
2024-11-19,5945,Electronics,Bangalore,2,1481.88,0.08,Card,2726.66
2024-12-23,1848,Clothing,Bangalore,4,543.38,0.03,Cash,2108.33
2024-07-08,4496,Clothing,Delhi,3,674.94,0.16,Card,1700.86
2024-07-16,1132,Groceries,Bangalore,2,494.67,0.13,Cash,860.73
2025-11-08,2160,Electronics,Chennai,2,1596.15,0.03,Card,3096.52
2025-07-18,5902,Electronics,Chennai,3,1462.36,0.2,Cash,3509.67
2024-07-15,3688,Clothing,Bangalore,4,702.46,0.05,Card,2669.36
2025-10-03,4559,Electronics,Delhi,3,1628.67,0.18,Card,4006.52
2025-07-01,8035,Clothing,Mumbai,4,421.57,0.03,UPI,1635.71
2025-04-24,1439,Groceries,Bangalore,4,282.99,0.15,UPI,962.16
2025-08-12,5842,Groceries,Delhi,4,272.7,0.03,Card,1058.07
2024-09-17,9655,Electronics,Bangalore,6,697.97,0.26,UPI,3099.01
2025-09-10,6986,Groceries,Mumbai,8,479.5,0.23,Cash,2953.74
2024-09-14,1225,Clothing,Mumbai,1,938.06,0.28,Card,675.41
2025-12-07,5693,Groceries,Hyderabad,7,240.61,0.12,UPI,1482.15
2024-12-10,5546,Electronics,Bangalore,2,1266.96,0.06,Cash,2381.88
2025-06-06,7401,Groceries,Delhi,5,364.4,0.22,Cash,1421.18
2024-09-04,5005,Electronics,Chennai,2,1180.06,0.18,Card,1935.29
2025-01-02,2956,Electronics,Mumbai,1,745.75,0.29,UPI,529.48
2025-12-18,5247,Electronics,Bangalore,3,1624.66,0.26,UPI,3606.76
2024-11-04,1480,Clothing,Chennai,5,619.08,0.08,UPI,2847.78
2024-09-23,9128,Clothing,Hyderabad,6,244.35,0.26,Cash,1084.92
2025-07-18,3577,Clothing,Delhi,10,739.3,0.03,UPI,7171.17
2025-12-10,1042,Electronics,Delhi,4,568.97,0.11,Cash,2025.54
2025-01-06,1579,Groceries,Chennai,4,194.81,0.12,UPI,685.73
2025-05-30,5444,Electronics,Hyderabad,6,679.1,0.2,Cash,3259.69
2025-01-06,4656,Groceries,Delhi,7,81.02,0.14,Card,487.72
2025-05-21,6362,Electronics,Hyderabad,8,511.95,0.06,UPI,3849.89
2025-05-14,4974,Clothing,Bangalore,10,977.49,0.3,Cash,6842.4
2025-03-15,3466,Electronics,Chennai,1,849.5,0.1,UPI,764.55
2024-07-16,6488,Electronics,Chennai,5,655.92,0.16,Cash,2754.88
2025-09-09,9061,Electronics,Mumbai,5,639.54,0.28,UPI,2302.34
2025-09-02,7102,Clothing,Delhi,10,276.46,0.04,Card,2654.03
2024-09-21,2020,Clothing,Mumbai,4,433.34,0.26,Card,1282.69
2025-06-06,6211,Clothing,Bangalore,4,259.75,0.06,UPI,976.66
2024-10-26,3546,Electronics,Mumbai,8,1199.08,0.12,UPI,8441.54
2025-07-08,4401,Clothing,Bangalore,8,412.01,0.04,Cash,3164.21
2025-05-14,1660,Electronics,Bangalore,3,636.82,0.07,Card,1776.73
2025-08-16,9412,Electronics,Bangalore,5,1730.13,0.05,Card,8218.14
2025-10-13,5093,Electronics,Chennai,2,1705.85,0.04,Cash,3275.22
2024-09-08,4641,Electronics,Mumbai,7,1058.36,0.19,UPI,6000.9
2024-10-01,5240,Electronics,Delhi,2,796.63,0.19,Cash,1290.53
2024-10-09,6432,Electronics,Delhi,8,575.96,0.28,Card,3317.51
2025-08-15,9128,Electronics,Chennai,7,759.21,0.06,Cash,4995.61
2025-04-14,5585,Clothing,Mumbai,1,691.29,0.19,UPI,559.94
2025-05-05,9173,Clothing,Hyderabad,8,248.78,0.08,Cash,1831.04
2025-09-09,4267,Groceries,Hyderabad,4,333.84,0.24,Cash,1014.87
2025-08-02,6883,Clothing,Hyderabad,8,475.23,0.17,Card,3155.51
2025-08-08,5430,Electronics,Delhi,6,1395.67,0.01,Card,8290.31
2024-09-04,8728,Groceries,Bangalore,10,499.82,0.29,Cash,3548.74
2025-03-17,4951,Clothing,Hyderabad,1,811.24,0.28,UPI,584.09
2025-08-08,6813,Electronics,Mumbai,4,1388.78,0.24,UPI,4221.89
2025-07-09,1462,Groceries,Bangalore,10,303.62,0.17,Cash,2520.07
2025-11-23,9882,Clothing,Mumbai,8,230.37,0.02,UPI,1806.11
2025-02-16,1326,Groceries,Chennai,1,199.28,0.18,Cash,163.41
2025-06-20,3907,Clothing,Delhi,1,318.17,0.21,Cash,251.35
2024-10-28,9622,Clothing,Delhi,6,763.63,0.2,UPI,3665.43
2024-10-18,6514,Clothing,Bangalore,3,980.69,0.22,Card,2294.81
2025-11-17,6198,Electronics,Hyderabad,10,1680.49,0.07,UPI,15628.54
2025-01-02,7199,Clothing,Bangalore,3,342.17,0.0,UPI,1026.5
2025-08-11,1530,Electronics,Hyderabad,6,1881.56,0.29,Cash,8015.43
2024-10-21,9129,Electronics,Bangalore,2,856.99,0.29,Cash,1216.93
2024-10-05,6500,Clothing,Delhi,5,367.75,0.21,Card,1452.6
2025-03-26,2770,Groceries,Delhi,1,223.67,0.22,Cash,174.46
2025-09-03,9078,Clothing,Bangalore,9,500.28,0.25,UPI,3376.88
2025-02-22,3664,Clothing,Delhi,1,435.93,0.1,Cash,392.33
2024-09-20,6600,Electronics,Chennai,3,1597.98,0.16,Cash,4026.9
2025-06-18,8909,Groceries,Delhi,7,474.1,0.05,Card,3152.76
2024-12-14,1877,Electronics,Bangalore,4,1961.6,0.12,UPI,6904.82
2025-04-04,5612,Clothing,Mumbai,2,239.71,0.17,Card,397.92
2024-12-11,1893,Clothing,Delhi,7,270.1,0.25,UPI,1418.04
2025-11-10,4271,Electronics,Delhi,4,756.25,0.09,Cash,2752.74
2025-11-03,2892,Clothing,Chennai,8,591.28,0.2,Cash,3784.18
2025-08-07,4029,Clothing,Chennai,6,349.27,0.01,Card,2074.64
2025-10-26,5315,Electronics,Bangalore,10,592.46,0.23,UPI,4561.93
2024-10-14,2404,Groceries,Bangalore,9,236.29,0.23,Cash,1637.52
2024-09-07,7342,Groceries,Chennai,9,359.18,0.28,UPI,2327.49
2025-03-05,8803,Clothing,Delhi,7,922.22,0.21,UPI,5099.89
2025-12-18,3415,Electronics,Chennai,3,1923.59,0.05,Cash,5482.24
2025-01-20,3067,Electronics,Chennai,2,1982.42,0.13,UPI,3449.41
2024-12-05,5225,Clothing,Delhi,2,510.48,0.12,Card,898.44
2025-04-15,9514,Clothing,Delhi,10,670.06,0.23,Cash,5159.47
2025-09-04,3451,Electronics,Hyderabad,10,1374.02,0.29,Cash,9755.51
2024-10-23,2654,Clothing,Hyderabad,6,902.31,0.08,UPI,4980.78
2025-11-16,8750,Electronics,Mumbai,5,1104.46,0.19,UPI,4473.07
2025-08-22,1635,Clothing,Bangalore,4,239.43,0.14,Card,823.65
2025-07-23,1331,Clothing,Bangalore,5,424.28,0.15,UPI,1803.18
2024-10-15,4734,Electronics,Bangalore,8,1661.05,0.1,UPI,11959.53
2025-09-06,2462,Electronics,Chennai,4,1870.15,0.12,Card,6582.93
2025-12-17,7126,Electronics,Hyderabad,3,598.43,0.21,Card,1418.27
2024-11-22,9589,Groceries,Delhi,3,136.74,0.25,Cash,307.67
2025-03-19,1541,Clothing,Delhi,6,763.71,0.08,Card,4215.66
2025-12-06,7503,Groceries,Delhi,1,158.87,0.15,Card,135.04
2025-01-04,8775,Groceries,Hyderabad,6,204.91,0.25,Card,922.1
2024-10-07,5670,Electronics,Chennai,1,744.36,0.17,Cash,617.82
2025-02-18,4688,Groceries,Mumbai,5,343.21,0.15,UPI,1458.66
2024-07-16,8767,Electronics,Mumbai,10,1701.3,0.07,UPI,15822.06
2025-05-15,5511,Clothing,Chennai,6,567.2,0.07,Card,3164.97
2025-12-22,7506,Groceries,Delhi,1,280.18,0.2,Card,224.14
2025-04-22,5890,Groceries,Delhi,8,78.73,0.3,UPI,440.87
2025-06-04,5536,Clothing,Bangalore,4,319.94,0.23,Cash,985.43
2025-08-24,6236,Groceries,Mumbai,1,344.93,0.3,Card,241.45
2025-09-08,7628,Clothing,Delhi,10,766.46,0.17,Cash,6361.58
2025-06-23,4643,Groceries,Hyderabad,8,457.94,0.2,UPI,2930.8
2025-05-10,3785,Groceries,Hyderabad,3,182.2,0.14,UPI,470.08
2025-03-28,3999,Groceries,Bangalore,2,150.01,0.07,Card,279.03
2025-09-10,6428,Clothing,Bangalore,10,435.24,0.26,Card,3220.78
2024-08-30,2166,Clothing,Mumbai,9,295.85,0.2,UPI,2130.14
2025-05-08,7768,Electronics,Mumbai,3,1988.52,0.1,UPI,5369.01
2025-10-18,3346,Clothing,Mumbai,2,590.06,0.19,Cash,955.9
2025-05-23,1950,Electronics,Chennai,5,814.07,0.23,UPI,3134.18
2024-12-16,9021,Electronics,Mumbai,10,1150.57,0.13,Card,10009.93
2025-11-07,7280,Electronics,Delhi,9,799.12,0.11,Cash,6400.96
2025-06-01,9700,Electronics,Delhi,1,1440.03,0.07,UPI,1339.23
2025-06-24,6113,Electronics,Delhi,7,1255.0,0.09,Cash,7994.38
2024-08-22,5885,Clothing,Chennai,9,677.1,0.1,UPI,5484.48
2024-11-21,6615,Clothing,Bangalore,4,331.91,0.27,Card,969.17
2024-07-26,4742,Electronics,Mumbai,4,1601.11,0.18,Cash,5251.66
2024-11-10,7006,Groceries,Delhi,7,444.44,0.08,UPI,2862.22
2024-08-25,1785,Groceries,Delhi,1,71.71,0.03,Card,69.55
2025-07-31,3024,Groceries,Bangalore,8,365.84,0.06,UPI,2751.12
2024-07-16,5933,Clothing,Delhi,9,415.98,0.18,Cash,3069.95
2025-09-08,2718,Groceries,Hyderabad,2,177.22,0.24,Card,269.37
2025-01-26,4272,Clothing,Hyderabad,4,486.34,0.12,Cash,1711.91
2024-08-16,9980,Clothing,Mumbai,8,464.48,0.0,UPI,3715.86
2024-10-06,2809,Groceries,Chennai,3,477.25,0.23,Cash,1102.45
2024-10-18,5192,Groceries,Mumbai,8,494.9,0.09,Card,3602.87
2024-08-27,2635,Electronics,Delhi,5,1040.32,0.2,Card,4161.29
2024-11-02,2556,Electronics,Delhi,3,1495.03,0.05,Card,4260.84
2025-09-28,5395,Groceries,Delhi,6,416.73,0.05,Card,2375.38
2025-08-20,8479,Clothing,Chennai,8,839.92,0.19,Cash,5442.68
2024-10-30,3171,Groceries,Delhi,3,96.67,0.27,Card,211.71
2025-09-28,3969,Groceries,Chennai,6,325.11,0.26,UPI,1443.49
2024-11-17,8914,Clothing,Delhi,7,552.55,0.02,UPI,3790.5
2025-05-24,1202,Groceries,Hyderabad,10,375.7,0.07,UPI,3493.99
2025-06-18,9504,Groceries,Hyderabad,2,244.78,0.22,Card,381.86
2025-06-26,7305,Electronics,Hyderabad,10,581.85,0.19,Cash,4712.98
2025-12-06,8688,Clothing,Mumbai,2,801.14,0.1,Card,1442.06
2025-04-17,1824,Groceries,Mumbai,9,339.49,0.12,Cash,2688.78
2024-09-25,8521,Clothing,Hyderabad,8,270.42,0.15,Card,1838.83
2024-11-05,9148,Groceries,Delhi,2,231.55,0.01,UPI,458.46
2024-07-07,2489,Groceries,Hyderabad,5,450.55,0.17,UPI,1869.78
2025-10-17,6584,Clothing,Delhi,4,875.45,0.1,UPI,3151.63
2025-11-03,6952,Groceries,Chennai,2,93.85,0.2,Cash,150.15
2025-06-21,6818,Groceries,Bangalore,9,284.89,0.21,Cash,2025.59
2024-12-22,9067,Electronics,Chennai,2,881.43,0.06,Cash,1657.1
2025-08-13,4532,Clothing,Mumbai,6,286.21,0.12,UPI,1511.2
2024-11-10,8381,Clothing,Hyderabad,9,307.71,0.15,UPI,2353.97
2024-08-25,8091,Groceries,Chennai,9,401.49,0.27,UPI,2637.77
2024-12-31,3103,Electronics,Chennai,10,1409.24,0.1,Card,12683.17
2025-09-08,5067,Clothing,Chennai,6,976.39,0.14,Cash,5038.19
2024-11-25,7762,Groceries,Hyderabad,5,429.38,0.16,Card,1803.41
2025-02-14,4291,Electronics,Hyderabad,5,1529.92,0.28,Cash,5507.7
2025-01-05,9255,Groceries,Bangalore,2,392.35,0.17,UPI,651.3
2025-09-07,9747,Clothing,Chennai,1,618.18,0.01,Cash,612.0
2024-08-30,1927,Electronics,Bangalore,3,1975.3,0.21,Cash,4681.46
2024-09-08,5835,Electronics,Hyderabad,1,1038.02,0.14,UPI,892.7
2025-02-21,7371,Electronics,Hyderabad,5,1539.4,0.01,Card,7620.05
2025-08-07,7825,Groceries,Bangalore,9,74.21,0.22,Cash,520.96
2025-10-03,4695,Groceries,Bangalore,10,295.98,0.18,UPI,2427.01
2025-01-21,5819,Clothing,Mumbai,2,349.58,0.05,UPI,664.2
2024-11-06,7180,Electronics,Chennai,5,1334.9,0.04,UPI,6407.51
2025-03-25,1092,Clothing,Chennai,3,231.95,0.28,UPI,501.02
2024-08-28,5934,Clothing,Hyderabad,9,486.47,0.24,Card,3327.44
2025-12-27,4603,Electronics,Hyderabad,2,1679.39,0.05,UPI,3190.84
2025-08-24,2506,Clothing,Mumbai,4,730.67,0.1,Card,2630.4
2025-02-15,9691,Clothing,Hyderabad,1,291.78,0.1,Cash,262.6
2025-03-13,1653,Groceries,Bangalore,7,462.17,0.28,Card,2329.33
2025-03-26,9851,Groceries,Bangalore,1,460.1,0.25,Card,345.08
2025-12-15,9335,Clothing,Chennai,1,437.15,0.2,Card,349.72
2025-12-15,2349,Electronics,Mumbai,9,1299.81,0.19,Cash,9475.61
2025-02-10,7950,Electronics,Mumbai,9,1743.12,0.26,UPI,11609.2
2025-09-25,2181,Groceries,Mumbai,1,256.65,0.1,Cash,230.99
2024-09-20,1889,Electronics,Bangalore,9,605.66,0.25,Card,4088.23
2025-08-28,7357,Clothing,Chennai,7,453.12,0.12,Cash,2791.24
2024-07-13,2036,Groceries,Hyderabad,1,365.4,0.02,UPI,358.09
2024-10-23,5748,Groceries,Bangalore,10,88.93,0.23,Card,684.74
2025-08-01,7473,Groceries,Delhi,8,120.35,0.07,UPI,895.37
2025-08-11,9941,Clothing,Mumbai,5,741.83,0.27,UPI,2707.68
2025-07-24,1182,Groceries,Hyderabad,3,105.46,0.0,UPI,316.37
2025-08-14,9800,Groceries,Delhi,5,144.52,0.22,UPI,563.64
2025-06-24,4469,Clothing,Hyderabad,3,328.76,0.07,Card,917.25
2025-01-21,2877,Electronics,Hyderabad,1,1777.08,0.28,UPI,1279.5
2025-10-22,2198,Clothing,Delhi,5,278.56,0.22,Card,1086.39
2025-06-10,6851,Electronics,Mumbai,2,927.71,0.02,Cash,1818.3
2025-05-28,8960,Clothing,Bangalore,10,727.54,0.21,Cash,5747.55
2025-07-15,6182,Clothing,Mumbai,1,450.57,0.24,UPI,342.43
2025-09-26,5533,Clothing,Mumbai,6,902.31,0.14,Card,4655.91
2025-05-15,8978,Groceries,Delhi,3,340.5,0.02,Card,1001.06
2024-11-27,9824,Electronics,Bangalore,2,1591.14,0.27,UPI,2323.06
2024-08-07,7637,Groceries,Mumbai,1,298.22,0.16,UPI,250.5
2025-11-02,3435,Clothing,Chennai,4,913.15,0.18,Card,2995.13
2024-11-21,8613,Groceries,Hyderabad,2,228.55,0.15,UPI,388.54
2025-03-08,3717,Groceries,Mumbai,8,121.65,0.17,UPI,807.76
2024-12-03,8921,Clothing,Delhi,4,809.18,0.07,Card,3010.14
2025-07-20,4834,Electronics,Mumbai,9,1861.59,0.11,Card,14911.33
2025-10-15,1760,Electronics,Bangalore,2,1555.6,0.16,Card,2613.42
2025-04-02,9918,Groceries,Mumbai,7,344.15,0.11,UPI,2144.08
2024-09-24,9465,Clothing,Chennai,4,613.1,0.11,Card,2182.63
2025-11-17,8898,Groceries,Delhi,9,446.92,0.13,Cash,3499.35
2024-09-23,9430,Groceries,Bangalore,4,117.61,0.05,UPI,446.91
2024-11-05,4773,Clothing,Bangalore,2,585.21,0.14,Cash,1006.57
2024-12-19,7732,Electronics,Mumbai,1,691.83,0.18,Cash,567.3
2025-12-13,1642,Groceries,Mumbai,1,124.85,0.28,UPI,89.89
2025-08-26,1305,Groceries,Bangalore,2,147.47,0.18,Card,241.85
2025-11-12,3794,Electronics,Chennai,10,714.07,0.17,Cash,5926.77
2025-12-12,5333,Electronics,Bangalore,8,1394.8,0.02,Card,10935.23
2025-08-05,3166,Electronics,Delhi,4,1284.07,0.27,UPI,3749.48
2025-09-09,3450,Groceries,Delhi,3,264.14,0.18,Cash,649.79
2025-12-04,2925,Electronics,Chennai,3,1852.98,0.16,Cash,4669.5
2025-09-21,9553,Clothing,Bangalore,1,758.11,0.13,Card,659.56
2025-08-01,6742,Groceries,Hyderabad,2,241.47,0.08,Cash,444.31
2024-09-30,5641,Groceries,Hyderabad,7,166.01,0.0,UPI,1162.09
2024-07-14,9561,Electronics,Hyderabad,1,1062.54,0.06,Card,998.79
2025-08-29,6935,Electronics,Mumbai,7,1477.36,0.08,UPI,9514.22
2025-09-13,6990,Groceries,Bangalore,7,389.74,0.12,UPI,2400.78
2025-11-13,3928,Clothing,Hyderabad,9,587.01,0.3,UPI,3698.15
2025-06-24,7522,Groceries,Mumbai,2,386.52,0.13,UPI,672.54
2024-12-19,2642,Electronics,Hyderabad,7,1679.12,0.24,UPI,8932.93
2024-08-29,3633,Clothing,Delhi,2,858.6,0.14,UPI,1476.8
2025-09-25,2444,Electronics,Bangalore,4,1056.25,0.18,UPI,3464.51
2025-08-04,7564,Groceries,Hyderabad,5,370.22,0.18,Cash,1517.91
2025-11-25,8192,Electronics,Mumbai,9,929.01,0.01,UPI,8277.48
2025-12-11,9451,Groceries,Mumbai,10,126.27,0.01,Cash,1250.05
2024-07-07,3579,Electronics,Bangalore,7,1029.69,0.12,UPI,6342.9
2025-01-28,9482,Electronics,Delhi,2,1324.39,0.22,UPI,2066.05
2025-06-28,6693,Clothing,Mumbai,10,970.45,0.14,Card,8345.83
2024-07-11,5277,Electronics,Chennai,9,659.7,0.02,Card,5818.53
2025-06-20,2917,Groceries,Bangalore,9,415.92,0.17,UPI,3106.89
2025-10-03,7178,Groceries,Chennai,4,390.86,0.29,Card,1110.05
2025-10-21,1448,Clothing,Delhi,5,254.04,0.19,Cash,1028.88
2025-02-27,6172,Clothing,Bangalore,9,628.52,0.21,Card,4468.79
2025-03-18,5706,Electronics,Chennai,6,614.04,0.28,Card,2652.67
2025-05-24,6792,Electronics,Hyderabad,5,774.18,0.22,Cash,3019.29
2025-11-29,4271,Electronics,Mumbai,5,810.17,0.06,Cash,3807.79
2025-07-06,3555,Electronics,Delhi,2,1513.72,0.2,UPI,2421.95
2024-07-13,9871,Electronics,Chennai,6,1431.0,0.15,UPI,7298.11
2025-04-14,9041,Electronics,Hyderabad,5,1096.82,0.23,Cash,4222.75
2024-08-31,9613,Clothing,Chennai,9,226.05,0.1,UPI,1831.01
2025-01-01,8490,Electronics,Hyderabad,8,973.48,0.0,UPI,7787.82
2025-02-07,7216,Groceries,Delhi,6,212.72,0.26,Cash,944.48
2025-04-02,4885,Clothing,Chennai,10,474.48,0.06,Card,4460.09
2025-02-07,7866,Groceries,Bangalore,6,434.45,0.08,Cash,2398.15
2024-11-18,4744,Electronics,Bangalore,4,1333.01,0.26,Cash,3945.71
2024-12-03,3450,Clothing,Delhi,3,537.22,0.04,UPI,1547.18
2025-12-18,9748,Groceries,Bangalore,8,185.02,0.17,UPI,1228.5
2024-08-24,7527,Electronics,Mumbai,1,823.2,0.08,UPI,757.34
2024-10-13,8370,Groceries,Bangalore,5,212.43,0.17,Card,881.6
2025-06-24,1324,Clothing,Delhi,6,893.89,0.29,Cash,3807.99
2025-01-01,5663,Clothing,Bangalore,9,589.99,0.22,Cash,4141.76
2025-08-01,5694,Clothing,Mumbai,3,712.46,0.28,Card,1538.92
2025-08-25,2168,Electronics,Mumbai,6,842.33,0.1,Card,4548.57
2025-04-06,7479,Clothing,Chennai,6,798.32,0.16,Card,4023.51
2025-09-03,3741,Electronics,Delhi,3,1591.66,0.2,UPI,3819.98
2024-09-26,4450,Electronics,Chennai,2,643.33,0.28,Card,926.4
2024-08-31,1431,Clothing,Hyderabad,2,283.14,0.19,Cash,458.69
2025-08-10,6068,Electronics,Mumbai,5,1164.74,0.04,UPI,5590.76
2024-12-28,1468,Electronics,Bangalore,6,1796.36,0.14,UPI,9269.23
2025-04-11,9987,Clothing,Mumbai,9,341.63,0.18,UPI,2521.22
2025-09-25,9576,Groceries,Hyderabad,5,459.02,0.14,Cash,1973.77
2024-10-06,8239,Clothing,Bangalore,7,407.85,0.09,Cash,2597.98
2025-12-24,3233,Clothing,Bangalore,8,628.08,0.21,Card,3969.46
2025-11-07,5908,Electronics,Chennai,5,1395.51,0.24,UPI,5302.92
2025-07-24,4089,Clothing,Hyderabad,7,515.8,0.05,UPI,3430.08
2025-08-10,7199,Electronics,Bangalore,2,1133.36,0.07,UPI,2108.05
2025-04-11,5664,Groceries,Hyderabad,5,235.81,0.26,Cash,872.48
2024-11-23,5744,Electronics,Chennai,10,1179.15,0.21,Card,9315.29
2025-01-15,6253,Electronics,Mumbai,1,1954.57,0.01,Cash,1935.03
2025-04-21,5410,Electronics,Chennai,1,849.22,0.05,Card,806.75
2025-02-14,6601,Clothing,Bangalore,8,998.37,0.14,Cash,6868.79
2025-06-10,2314,Electronics,Delhi,5,1663.48,0.02,Card,8151.05
2025-01-08,4148,Clothing,Chennai,1,297.57,0.23,Cash,229.13
2025-08-05,8257,Electronics,Delhi,4,1191.25,0.23,UPI,3669.06
2025-02-05,8746,Clothing,Bangalore,6,326.89,0.22,UPI,1529.84
2025-12-22,3001,Clothing,Chennai,5,358.98,0.27,UPI,1310.27
2025-02-15,2850,Electronics,Chennai,6,522.6,0.24,UPI,2383.06
2024-11-06,7484,Electronics,Delhi,1,1371.62,0.21,UPI,1083.58
2024-12-12,7084,Electronics,Mumbai,3,1249.88,0.21,Card,2962.21
2024-09-06,1979,Clothing,Mumbai,9,833.17,0.04,Cash,7198.61
2025-05-27,6690,Clothing,Mumbai,1,751.4,0.11,Cash,668.75
2025-03-20,1646,Clothing,Chennai,9,435.77,0.21,Cash,3098.34
2025-01-14,9906,Clothing,Bangalore,8,420.26,0.25,UPI,2521.56
2024-12-18,2128,Groceries,Mumbai,8,183.05,0.08,Card,1347.27
2025-10-14,1011,Groceries,Hyderabad,7,380.15,0.26,UPI,1969.16
2025-07-14,4912,Clothing,Delhi,9,855.24,0.06,UPI,7235.33
2025-11-28,3525,Groceries,Bangalore,6,234.41,0.1,Cash,1265.83
2025-12-24,2092,Electronics,Mumbai,3,1810.24,0.06,Card,5104.87
2025-01-19,2617,Electronics,Hyderabad,7,1486.88,0.16,UPI,8742.87
2025-03-26,1804,Clothing,Mumbai,10,774.28,0.0,Cash,7742.76
2025-11-22,2310,Clothing,Delhi,6,646.42,0.28,Card,2792.52
2025-07-19,1955,Groceries,Bangalore,9,68.29,0.02,Card,602.35
2024-09-24,4537,Groceries,Delhi,2,376.33,0.16,Cash,632.23
2025-01-20,9621,Groceries,Mumbai,10,331.4,0.05,UPI,3148.26
2025-09-05,2728,Groceries,Hyderabad,6,353.52,0.21,Card,1675.69
2024-10-21,3733,Electronics,Hyderabad,7,1257.04,0.2,UPI,7039.42
2025-10-03,6772,Clothing,Hyderabad,6,875.88,0.12,UPI,4624.66
2025-09-20,6299,Groceries,Mumbai,10,295.53,0.11,UPI,2630.23
2025-03-24,6898,Clothing,Chennai,7,200.16,0.01,Card,1387.08
2024-07-23,9480,Electronics,Bangalore,1,950.5,0.07,Card,883.97
2024-07-29,5521,Groceries,Hyderabad,9,306.8,0.17,Cash,2291.8
2024-08-14,8542,Clothing,Mumbai,3,411.99,0.27,Cash,902.26
2025-03-02,5198,Clothing,Delhi,10,519.84,0.28,UPI,3742.84
2024-09-24,6319,Clothing,Mumbai,8,860.56,0.21,UPI,5438.77
2024-10-12,5921,Electronics,Hyderabad,7,617.72,0.02,Card,4237.53
2025-06-28,8115,Clothing,Delhi,4,798.14,0.25,Cash,2394.43
2025-08-02,1886,Clothing,Hyderabad,1,455.45,0.17,Card,378.03
2025-12-03,4617,Electronics,Delhi,7,1956.56,0.23,UPI,10545.86
2025-12-05,2475,Electronics,Chennai,5,1679.55,0.04,Card,8061.85
2024-09-29,8796,Groceries,Delhi,9,229.64,0.03,UPI,2004.72
2025-09-24,3136,Electronics,Chennai,9,797.16,0.12,UPI,6313.53
2025-01-23,9589,Electronics,Mumbai,2,899.39,0.13,UPI,1564.93
2024-10-06,2843,Groceries,Chennai,7,214.37,0.06,Card,1410.56
2024-07-31,5994,Electronics,Bangalore,10,1732.38,0.24,UPI,13166.06
2024-12-03,8216,Electronics,Mumbai,4,1528.04,0.05,UPI,5806.55
2024-10-02,2841,Groceries,Delhi,4,477.02,0.28,Card,1373.83
2024-07-21,6624,Groceries,Delhi,5,252.53,0.01,Cash,1250.01
2025-02-08,4339,Groceries,Hyderabad,5,296.96,0.19,Cash,1202.69
2024-07-25,7170,Groceries,Hyderabad,1,164.96,0.02,Cash,161.66
2025-04-10,1869,Clothing,Delhi,2,510.92,0.08,UPI,940.09
2025-07-10,2767,Electronics,Bangalore,7,846.75,0.11,UPI,5275.27
2024-10-16,6168,Clothing,Hyderabad,9,270.42,0.06,Card,2287.72
2024-07-29,1651,Electronics,Hyderabad,5,1000.35,0.12,Cash,4401.56
2024-07-25,6681,Groceries,Bangalore,6,331.35,0.07,UPI,1848.95
2025-04-15,2015,Groceries,Bangalore,7,450.68,0.24,Cash,2397.62
2025-04-19,4695,Electronics,Bangalore,7,1485.4,0.03,Card,10085.85
2025-12-22,4726,Clothing,Mumbai,10,322.2,0.29,UPI,2287.62
2025-06-09,8359,Groceries,Mumbai,4,343.61,0.17,UPI,1140.79
2025-01-30,3262,Clothing,Hyderabad,3,544.05,0.27,Cash,1191.47
2024-12-15,6201,Electronics,Hyderabad,9,1922.9,0.04,Card,16613.88
2024-12-03,1483,Clothing,Chennai,7,442.68,0.22,UPI,2417.02
2025-04-13,3489,Electronics,Delhi,3,777.12,0.23,UPI,1795.15
2025-04-06,4783,Groceries,Mumbai,4,359.32,0.11,UPI,1279.18
2025-11-07,3196,Groceries,Hyderabad,8,370.41,0.11,Card,2637.31
2025-11-22,8763,Electronics,Mumbai,4,839.41,0.12,Cash,2954.72
2025-04-09,7767,Electronics,Mumbai,4,599.2,0.28,Card,1725.71
2025-11-20,6323,Clothing,Mumbai,7,523.89,0.01,UPI,3630.58
2025-07-31,6126,Clothing,Hyderabad,10,675.04,0.16,UPI,5670.37
2024-08-15,9530,Electronics,Chennai,8,1740.52,0.01,Cash,13784.88
2025-12-20,9812,Clothing,Delhi,9,509.92,0.23,Cash,3533.73
2025-01-17,5770,Clothing,Chennai,5,818.94,0.09,Cash,3726.18
2025-09-12,5823,Groceries,Delhi,9,456.65,0.14,UPI,3534.5
2025-10-12,2481,Groceries,Hyderabad,2,130.9,0.18,UPI,214.67
2024-11-22,7440,Clothing,Bangalore,8,219.93,0.14,UPI,1513.12
2025-01-29,8449,Electronics,Bangalore,6,1537.58,0.27,Cash,6734.58
2024-11-10,2494,Electronics,Chennai,6,627.96,0.21,UPI,2976.53
2025-12-12,3619,Clothing,Hyderabad,7,235.12,0.05,Card,1563.58
2024-12-07,3656,Electronics,Mumbai,1,1129.37,0.09,Card,1027.73
2025-04-28,3960,Electronics,Mumbai,4,505.3,0.23,Cash,1556.32
2025-10-19,9153,Clothing,Hyderabad,1,686.39,0.15,Cash,583.43
2025-11-06,8434,Clothing,Chennai,2,680.97,0.0,UPI,1361.95
2025-04-17,4401,Electronics,Mumbai,3,582.6,0.1,Cash,1573.01
2024-08-09,5889,Clothing,Delhi,1,287.11,0.3,Cash,200.98
2025-04-24,3906,Clothing,Hyderabad,6,945.18,0.03,Card,5500.97
2025-06-02,7038,Clothing,Delhi,7,874.65,0.02,Card,6000.08
2024-11-21,2999,Groceries,Bangalore,6,287.17,0.16,UPI,1447.36
2025-02-06,1953,Electronics,Hyderabad,9,1980.78,0.15,UPI,15153.0
2025-04-27,7996,Groceries,Bangalore,5,286.43,0.3,Card,1002.49
2024-11-16,9132,Groceries,Chennai,8,413.59,0.27,Cash,2415.37
2025-04-30,4171,Electronics,Delhi,1,1197.33,0.24,UPI,909.97
2025-02-04,7793,Clothing,Delhi,6,479.72,0.24,Cash,2187.52
2024-07-18,4296,Groceries,Bangalore,5,405.59,0.09,UPI,1845.43
2025-06-03,1100,Electronics,Bangalore,6,1094.07,0.17,Cash,5448.49
2025-01-02,4178,Clothing,Bangalore,8,932.93,0.24,UPI,5672.22
2024-11-23,8888,Electronics,Chennai,9,1843.89,0.14,Card,14271.73
2024-09-02,9537,Clothing,Hyderabad,6,644.14,0.01,UPI,3826.2
2025-06-11,6793,Electronics,Mumbai,5,1761.11,0.1,Card,7924.99
2024-12-23,7382,Electronics,Hyderabad,2,1796.89,0.23,UPI,2767.21
2025-05-25,1518,Clothing,Chennai,2,597.64,0.07,Card,1111.62
2025-05-12,4541,Groceries,Bangalore,3,100.5,0.24,Cash,229.15
2024-10-09,8270,Groceries,Delhi,8,457.23,0.05,Card,3474.95
2025-11-14,9579,Clothing,Bangalore,3,815.59,0.03,UPI,2373.35
2024-11-19,4361,Groceries,Delhi,8,224.41,0.26,Cash,1328.54
2024-07-11,6095,Electronics,Hyderabad,2,999.93,0.27,Cash,1459.9
2025-12-22,6119,Electronics,Hyderabad,5,1458.28,0.06,Cash,6853.9
2025-01-20,5695,Clothing,Hyderabad,6,818.23,0.2,Card,3927.5
2024-12-06,3580,Clothing,Delhi,1,966.64,0.17,Cash,802.31
2025-02-03,9888,Clothing,Hyderabad,6,416.84,0.28,Card,1800.76
2025-03-14,3806,Electronics,Bangalore,10,1838.36,0.16,Cash,15442.26
2024-11-17,1475,Clothing,Delhi,2,506.88,0.03,Card,983.35
2025-01-06,8304,Groceries,Bangalore,5,199.55,0.06,UPI,937.88
2024-09-25,8629,Groceries,Mumbai,2,415.78,0.28,Card,598.73
2024-10-14,8464,Clothing,Chennai,8,385.36,0.07,UPI,2867.04
2025-03-28,6954,Clothing,Mumbai,6,831.02,0.26,Card,3689.74
2025-11-18,1495,Electronics,Chennai,2,1027.16,0.14,Cash,1766.72
2025-04-22,6711,Groceries,Hyderabad,3,278.58,0.12,UPI,735.44
2024-10-24,6339,Groceries,Delhi,5,289.74,0.12,Card,1274.84
2025-03-08,4992,Groceries,Mumbai,8,222.72,0.1,UPI,1603.57
2025-09-21,8132,Groceries,Bangalore,9,362.36,0.05,UPI,3098.18
2024-09-24,8972,Electronics,Hyderabad,10,1194.36,0.17,Card,9913.21
2025-01-03,6046,Clothing,Delhi,10,287.0,0.24,Card,2181.17
2025-06-07,9098,Groceries,Delhi,2,147.93,0.04,UPI,284.02
2024-07-07,3403,Groceries,Mumbai,8,289.07,0.12,UPI,2035.02
2025-10-07,4205,Electronics,Bangalore,5,1355.41,0.27,Card,4947.26
2025-09-25,6640,Electronics,Hyderabad,1,1417.24,0.15,Cash,1204.65
2025-05-04,2022,Clothing,Hyderabad,1,200.67,0.17,Card,166.56
2024-10-27,5623,Electronics,Mumbai,7,1553.33,0.12,Card,9568.53
2025-08-02,7652,Clothing,Chennai,9,368.97,0.05,Cash,3154.72
2025-01-15,7301,Clothing,Chennai,3,430.78,0.26,Cash,956.32
2024-11-21,1190,Electronics,Delhi,3,1582.01,0.15,Card,4034.12
2024-11-23,2387,Electronics,Chennai,8,1840.37,0.21,Card,11631.16
2025-01-07,8444,Groceries,Chennai,9,419.03,0.12,Cash,3318.73
2025-01-13,7959,Groceries,Delhi,10,274.17,0.22,UPI,2138.53
2025-12-02,5411,Clothing,Hyderabad,10,493.58,0.29,UPI,3504.39
2025-11-13,7038,Electronics,Hyderabad,8,1942.61,0.02,UPI,15230.04
2025-12-28,5578,Clothing,Hyderabad,2,618.69,0.18,Cash,1014.64
2025-11-02,2279,Groceries,Hyderabad,10,190.62,0.02,Card,1868.12
2024-07-18,8681,Clothing,Hyderabad,8,659.17,0.1,Card,4746.04
2025-05-04,5738,Electronics,Delhi,10,1624.14,0.22,UPI,12668.28
2025-03-30,2006,Groceries,Chennai,10,126.09,0.02,Card,1235.64
2024-08-03,5699,Clothing,Delhi,3,604.48,0.26,Card,1341.94
2025-03-22,3171,Groceries,Bangalore,5,436.04,0.0,Cash,2180.18
2025-01-01,3476,Groceries,Chennai,6,413.53,0.08,UPI,2282.68
2025-03-05,8944,Electronics,Hyderabad,1,1014.27,0.03,Cash,983.84
2024-12-11,9125,Clothing,Chennai,4,728.53,0.22,Cash,2273.03
2025-02-07,6653,Electronics,Bangalore,2,578.78,0.14,Card,995.51
2025-05-11,8803,Groceries,Hyderabad,4,220.91,0.21,Card,698.08
2025-04-01,3378,Groceries,Chennai,1,179.96,0.24,Card,136.77
2025-05-26,9687,Groceries,Delhi,2,462.97,0.19,Card,750.01
2025-04-12,6488,Clothing,Bangalore,2,404.28,0.18,Card,663.01
2025-03-11,4193,Groceries,Bangalore,3,190.97,0.0,Cash,572.91
2024-09-14,1195,Clothing,Delhi,9,283.13,0.13,Cash,2216.88
2025-04-23,5127,Electronics,Delhi,1,1429.1,0.02,UPI,1400.51
2025-02-14,2995,Groceries,Delhi,2,435.4,0.04,UPI,835.96
2025-01-12,2816,Groceries,Mumbai,5,182.56,0.2,Cash,730.22
2025-10-14,5528,Clothing,Bangalore,5,329.57,0.02,Cash,1614.91
2025-08-02,7366,Clothing,Delhi,5,964.48,0.08,Card,4436.63
2024-09-16,9056,Electronics,Hyderabad,7,767.66,0.15,Cash,4567.6
2025-09-21,4578,Groceries,Delhi,8,371.93,0.03,Cash,2886.18
2024-09-17,5105,Clothing,Delhi,8,319.08,0.19,Cash,2067.66
2025-08-10,5365,Electronics,Bangalore,7,1361.96,0.15,Card,8103.66
2025-11-08,8144,Clothing,Delhi,9,380.68,0.12,UPI,3014.97
2025-11-12,2985,Groceries,Hyderabad,6,200.05,0.09,Cash,1092.26
2024-10-07,6985,Groceries,Bangalore,2,428.53,0.23,Card,659.94
2025-01-30,3893,Groceries,Delhi,7,347.33,0.09,Card,2212.49
2024-10-24,6886,Clothing,Delhi,8,788.26,0.04,Cash,6053.83
2024-08-01,4907,Clothing,Chennai,2,834.19,0.19,Card,1351.39
2025-10-10,1268,Electronics,Bangalore,1,1006.58,0.22,Card,785.13
2024-11-05,4468,Groceries,Hyderabad,8,473.04,0.26,UPI,2800.4
2024-12-06,4817,Electronics,Delhi,3,1233.34,0.01,UPI,3663.03
2024-08-22,4976,Groceries,Mumbai,1,127.51,0.01,Card,126.24
2024-10-14,8474,Groceries,Mumbai,10,78.78,0.25,Cash,590.86
2025-11-28,4613,Electronics,Mumbai,7,1006.01,0.25,UPI,5281.58
2025-08-22,6312,Electronics,Hyderabad,9,705.99,0.25,Cash,4765.46
2024-08-22,3841,Clothing,Delhi,2,419.11,0.23,Cash,645.44
2025-07-20,3703,Clothing,Mumbai,10,232.56,0.03,UPI,2255.82
2025-07-27,3584,Electronics,Chennai,2,509.52,0.05,Cash,968.1
2025-04-23,7819,Groceries,Chennai,3,142.77,0.19,UPI,346.94
2025-10-11,7750,Electronics,Mumbai,10,1537.51,0.18,UPI,12607.58
2025-11-30,2442,Groceries,Bangalore,6,238.45,0.17,Cash,1187.5
2024-11-04,9686,Electronics,Hyderabad,6,1794.1,0.3,UPI,7535.21
2025-02-16,8605,Groceries,Mumbai,5,73.88,0.03,Cash,358.32
2025-11-04,9151,Electronics,Mumbai,1,581.04,0.11,Cash,517.13
2025-09-25,5118,Clothing,Hyderabad,8,234.65,0.22,UPI,1464.24
2025-01-03,3589,Electronics,Chennai,9,674.1,0.27,UPI,4428.82
2025-10-05,6340,Clothing,Mumbai,6,384.05,0.03,Cash,2235.17
2024-10-15,4884,Groceries,Chennai,4,218.99,0.07,Card,814.64
2025-11-15,1890,Clothing,Mumbai,4,942.31,0.14,Card,3241.55
2025-07-24,3234,Clothing,Mumbai,6,980.44,0.06,Cash,5529.71
2024-08-08,1977,Clothing,Mumbai,2,881.32,0.14,Cash,1515.87
2025-06-23,4602,Clothing,Hyderabad,3,831.64,0.19,UPI,2020.88
2024-12-28,4763,Electronics,Chennai,9,1233.82,0.3,UPI,7773.07
2025-11-03,8581,Clothing,Delhi,7,788.94,0.07,Card,5136.02
2025-09-24,4643,Groceries,Mumbai,10,454.21,0.13,Cash,3951.66
2024-08-17,8711,Groceries,Hyderabad,1,241.56,0.12,UPI,212.58
2024-10-15,8412,Clothing,Mumbai,2,646.79,0.0,UPI,1293.58
2025-08-27,4571,Electronics,Bangalore,5,858.59,0.3,Cash,3005.08
2025-11-10,5994,Electronics,Chennai,10,1620.93,0.01,Card,16047.21
2025-10-24,3271,Groceries,Chennai,3,405.44,0.11,Card,1082.52
2024-07-08,2158,Clothing,Bangalore,9,226.17,0.13,Card,1770.92
2025-02-04,2326,Groceries,Bangalore,1,281.63,0.27,Card,205.59
2024-08-28,2818,Clothing,Bangalore,8,695.31,0.11,Cash,4950.58
2024-09-13,4354,Electronics,Bangalore,4,1309.45,0.19,UPI,4242.62
2025-02-06,4693,Clothing,Bangalore,5,602.85,0.13,Cash,2622.41
2024-09-09,7108,Clothing,Chennai,8,601.16,0.25,Card,3606.96
2025-05-02,8405,Groceries,Bangalore,2,134.76,0.27,Cash,196.75
2024-09-27,7400,Electronics,Bangalore,2,664.05,0.08,UPI,1221.85
2024-12-05,9131,Electronics,Mumbai,9,1928.16,0.01,Card,17179.88
2024-11-19,8764,Clothing,Chennai,8,790.17,0.01,Cash,6258.13
2024-09-09,1361,Electronics,Hyderabad,6,1117.54,0.1,UPI,6034.7
2025-06-06,8965,Groceries,Hyderabad,9,250.37,0.09,Cash,2050.49
2025-05-16,3813,Clothing,Mumbai,8,497.52,0.09,Cash,3621.96
2024-12-05,6785,Clothing,Chennai,3,694.9,0.05,UPI,1980.48
2025-04-25,3986,Electronics,Mumbai,3,856.86,0.01,Card,2544.87
2024-11-13,8223,Clothing,Bangalore,3,364.12,0.21,UPI,862.97
2025-05-27,6633,Electronics,Bangalore,8,1309.8,0.05,Card,9954.48
2024-11-08,1408,Clothing,Chennai,3,958.23,0.28,Cash,2069.78
2024-07-11,9948,Groceries,Bangalore,5,263.26,0.09,UPI,1197.83
2024-12-04,8243,Clothing,Delhi,8,920.14,0.04,UPI,7066.67
2024-11-03,6047,Electronics,Chennai,10,1761.32,0.13,Cash,15323.44
2025-06-06,1901,Groceries,Mumbai,10,286.9,0.23,Card,2209.09
2025-01-23,1369,Electronics,Hyderabad,8,1515.6,0.29,UPI,8608.58
2025-08-14,4185,Clothing,Bangalore,10,684.06,0.28,UPI,4925.25
2025-07-11,7513,Electronics,Chennai,6,1079.17,0.0,Card,6475.01
2025-07-01,6047,Clothing,Hyderabad,2,372.56,0.27,UPI,543.93
2025-09-05,8249,Clothing,Mumbai,7,782.88,0.12,UPI,4822.57
2024-10-03,3353,Electronics,Bangalore,8,1982.57,0.16,Card,13322.89
2024-09-12,7156,Electronics,Delhi,7,1458.21,0.08,Cash,9390.87
2025-10-23,3243,Electronics,Mumbai,7,934.19,0.15,Card,5558.46
2025-05-14,9095,Groceries,Chennai,4,62.08,0.0,Card,248.31
2025-05-10,8742,Electronics,Bangalore,7,769.06,0.27,UPI,3929.89
2025-03-14,1466,Electronics,Bangalore,8,1991.5,0.02,UPI,15613.36
2025-07-12,8872,Groceries,Chennai,5,332.6,0.14,UPI,1430.17
2024-11-06,7114,Groceries,Hyderabad,1,430.38,0.05,Cash,408.86
2024-12-03,6237,Clothing,Mumbai,6,330.65,0.08,Card,1825.17
2025-07-06,1798,Clothing,Bangalore,9,711.16,0.02,Cash,6272.41
2025-01-10,2548,Groceries,Mumbai,9,195.17,0.09,UPI,1598.47
2025-05-11,5447,Groceries,Bangalore,2,290.49,0.11,Cash,517.07
2024-07-20,3243,Groceries,Bangalore,6,400.46,0.12,Cash,2114.45
2024-10-19,4569,Electronics,Hyderabad,4,1747.36,0.24,UPI,5311.98
2025-12-27,9717,Groceries,Hyderabad,2,237.81,0.27,Cash,347.2
2024-11-18,1284,Clothing,Bangalore,5,752.84,0.04,Card,3613.63
2025-12-24,6604,Electronics,Bangalore,1,1616.69,0.04,Cash,1552.02
2024-11-29,4712,Clothing,Mumbai,4,304.17,0.02,UPI,1192.36
2024-10-29,2273,Electronics,Chennai,7,563.78,0.03,UPI,3828.04
2025-12-14,1971,Clothing,Delhi,5,234.63,0.09,Cash,1067.54
2024-10-13,3028,Groceries,Mumbai,10,455.53,0.06,Card,4281.97
2024-08-05,2487,Electronics,Bangalore,10,1021.75,0.05,UPI,9706.67
2025-03-11,9272,Groceries,Delhi,2,418.81,0.23,UPI,644.97
2025-02-14,4138,Clothing,Mumbai,9,203.46,0.22,Cash,1428.31
2025-12-05,8777,Clothing,Hyderabad,3,551.73,0.29,Cash,1175.19
2025-07-05,7219,Clothing,Mumbai,9,382.04,0.03,Card,3335.24
2024-11-10,8633,Electronics,Hyderabad,3,1243.72,0.11,Card,3320.74
2024-08-17,2347,Clothing,Chennai,2,507.82,0.14,UPI,873.46
2025-05-22,8273,Electronics,Hyderabad,7,935.88,0.26,Cash,4847.88
2024-09-16,8793,Groceries,Bangalore,3,55.75,0.2,UPI,133.81
2024-10-22,7494,Clothing,Hyderabad,2,295.37,0.12,UPI,519.86
2024-10-19,3764,Electronics,Bangalore,4,1007.95,0.18,Card,3306.07
2024-11-09,4815,Clothing,Chennai,5,811.85,0.23,UPI,3125.64
2025-04-12,7557,Clothing,Chennai,10,960.11,0.3,UPI,6720.78
2025-04-18,3414,Clothing,Delhi,2,400.55,0.15,UPI,680.94
2024-11-21,1486,Electronics,Delhi,2,1247.2,0.01,Cash,2469.46
2025-08-02,6356,Electronics,Bangalore,10,1434.85,0.23,UPI,11048.34
2025-12-21,9064,Clothing,Mumbai,5,729.67,0.15,Card,3101.12
2025-06-23,9856,Groceries,Delhi,1,495.82,0.26,Cash,366.91
2025-08-03,8374,Clothing,Chennai,8,567.72,0.01,UPI,4496.38
2025-05-13,3689,Clothing,Chennai,3,449.97,0.12,Cash,1187.91
2025-11-21,9837,Groceries,Chennai,8,303.01,0.05,Cash,2302.91
2025-08-11,5315,Clothing,Hyderabad,7,693.55,0.11,Card,4320.83
2025-05-31,2006,Electronics,Hyderabad,1,692.3,0.11,UPI,616.14
2024-08-03,6591,Clothing,Delhi,7,476.11,0.11,Card,2966.19
2024-09-02,5001,Electronics,Mumbai,5,1388.8,0.27,Cash,5069.11
2025-05-15,2875,Clothing,Mumbai,1,630.73,0.01,UPI,624.43
2025-09-12,9433,Clothing,Bangalore,1,756.77,0.18,Card,620.55
2025-07-28,7394,Clothing,Hyderabad,2,846.66,0.03,UPI,1642.52
2025-02-02,6504,Clothing,Hyderabad,6,333.3,0.09,Card,1819.83
2025-01-29,9142,Groceries,Delhi,9,146.34,0.08,Card,1211.66
2025-08-22,4700,Groceries,Delhi,10,92.63,0.1,Cash,833.67
2025-11-05,7997,Electronics,Bangalore,2,1477.31,0.09,Card,2688.7
2025-09-23,9846,Clothing,Mumbai,7,521.84,0.19,Card,2958.84
2025-01-07,1304,Groceries,Hyderabad,3,309.58,0.06,UPI,873.01
2025-10-28,5389,Groceries,Hyderabad,10,433.75,0.27,UPI,3166.36
2024-09-06,9556,Electronics,Bangalore,8,721.62,0.05,UPI,5484.28
2025-05-10,8133,Clothing,Bangalore,2,707.14,0.25,Card,1060.71
2025-04-26,3631,Clothing,Hyderabad,4,524.69,0.03,Cash,2035.81
2024-08-04,5023,Clothing,Chennai,8,647.86,0.13,UPI,4509.11
2024-08-13,4309,Electronics,Bangalore,3,543.71,0.24,Card,1239.67
2025-01-03,1691,Groceries,Chennai,1,74.9,0.27,Card,54.68
2025-05-08,2041,Clothing,Bangalore,2,517.52,0.25,Cash,776.27
2025-03-05,2833,Groceries,Hyderabad,2,284.88,0.25,UPI,427.32
2025-03-21,9133,Electronics,Mumbai,10,683.42,0.24,Card,5193.96
2025-08-10,4865,Clothing,Mumbai,3,285.45,0.06,Card,804.97
2025-09-30,7690,Clothing,Hyderabad,1,592.29,0.11,Cash,527.14
2025-05-27,9941,Clothing,Chennai,4,970.65,0.26,Cash,2873.13
2025-07-13,8786,Groceries,Bangalore,5,59.48,0.29,UPI,211.17
2024-08-11,1895,Groceries,Mumbai,5,298.73,0.09,UPI,1359.21
2025-07-13,2999,Groceries,Mumbai,8,224.81,0.27,Card,1312.9
2025-03-25,5929,Electronics,Mumbai,5,815.58,0.27,Card,2976.87
2025-05-27,7656,Electronics,Bangalore,2,1734.8,0.28,Card,2498.11
2025-09-02,6451,Groceries,Chennai,2,420.98,0.21,UPI,665.15
2024-09-12,6764,Clothing,Hyderabad,9,790.23,0.14,Cash,6116.37
2024-08-29,4010,Groceries,Chennai,3,51.38,0.06,Card,144.9
2025-05-24,2347,Electronics,Mumbai,4,1274.55,0.29,UPI,3619.72
2024-11-17,7722,Clothing,Chennai,8,898.8,0.04,Cash,6902.82
2025-06-07,5616,Electronics,Delhi,7,1051.4,0.12,Card,6476.62
2025-02-21,1339,Electronics,Hyderabad,10,1439.94,0.27,Card,10511.57
2025-01-26,5289,Groceries,Mumbai,1,230.47,0.13,Card,200.51
2024-12-06,2459,Clothing,Mumbai,10,293.88,0.22,Card,2292.27
2025-10-14,9096,Electronics,Mumbai,4,785.82,0.26,Card,2326.02
2025-04-27,9096,Clothing,Mumbai,7,885.07,0.18,Card,5080.3
2025-01-16,7853,Electronics,Chennai,3,543.16,0.29,Cash,1156.93
2025-10-11,5068,Clothing,Hyderabad,8,268.59,0.14,Card,1847.91
2025-08-18,4476,Groceries,Chennai,7,381.25,0.08,Cash,2455.23
2024-09-05,1853,Clothing,Mumbai,8,926.58,0.3,UPI,5188.85
2024-08-22,1087,Clothing,Hyderabad,10,504.75,0.29,UPI,3583.73
2025-07-21,3166,Groceries,Delhi,10,130.72,0.05,Card,1241.82
2025-06-19,8669,Electronics,Delhi,6,1565.38,0.13,Card,8171.3
2024-11-03,6132,Electronics,Mumbai,8,1807.52,0.25,UPI,10845.12
2025-07-11,8046,Clothing,Bangalore,10,863.67,0.28,UPI,6218.43
2025-05-23,8139,Electronics,Bangalore,8,1645.51,0.05,UPI,12505.9
2025-09-30,1871,Electronics,Mumbai,1,844.79,0.01,Card,836.34
2024-12-21,8653,Clothing,Delhi,8,232.63,0.11,UPI,1656.35
2025-11-15,8499,Clothing,Delhi,3,298.92,0.03,Card,869.87
2025-01-07,3757,Groceries,Hyderabad,5,303.46,0.2,Cash,1213.85
2024-07-11,9618,Groceries,Mumbai,7,464.19,0.07,Card,3021.85
2024-10-11,6384,Electronics,Bangalore,2,1091.25,0.18,Cash,1789.66
2025-06-03,3519,Electronics,Delhi,8,1746.05,0.2,Card,11174.71
2025-04-08,1095,Clothing,Delhi,10,960.72,0.1,UPI,8646.45
2024-11-16,4463,Electronics,Bangalore,6,1697.22,0.22,UPI,7942.99
2025-08-01,2516,Clothing,Bangalore,3,392.06,0.23,Card,905.67
2024-10-06,1336,Electronics,Mumbai,7,1669.24,0.09,UPI,10633.05
2024-12-11,2975,Clothing,Chennai,7,788.71,0.28,UPI,3975.11
2024-11-18,6882,Groceries,Delhi,6,280.69,0.15,Card,1431.54
2025-11-06,5398,Groceries,Hyderabad,7,90.6,0.13,Card,551.75
2025-01-13,8112,Groceries,Chennai,2,68.2,0.1,Card,122.75
2025-02-21,3540,Clothing,Hyderabad,9,267.18,0.14,Cash,2067.94
2025-11-08,5921,Electronics,Mumbai,5,1762.31,0.16,Card,7401.69
2024-08-24,2253,Electronics,Hyderabad,2,1265.98,0.12,Card,2228.12
2025-03-23,6823,Clothing,Hyderabad,2,814.92,0.0,UPI,1629.83
2025-10-23,3941,Electronics,Chennai,1,624.94,0.26,Card,462.45
2025-05-24,8454,Groceries,Chennai,10,413.53,0.1,Cash,3721.73
2025-02-08,4032,Electronics,Hyderabad,5,1807.42,0.03,UPI,8766.0
2024-07-25,1095,Clothing,Delhi,1,337.39,0.14,UPI,290.15
2025-08-25,8974,Clothing,Hyderabad,10,488.58,0.2,UPI,3908.66
2025-08-15,5958,Electronics,Mumbai,3,520.81,0.03,Cash,1515.57
2025-01-15,1439,Electronics,Chennai,3,1474.61,0.13,UPI,3848.73
2025-01-18,2410,Clothing,Chennai,3,579.19,0.01,Cash,1720.2
2024-12-10,8295,Clothing,Chennai,1,887.84,0.18,Cash,728.03
2025-05-04,7418,Electronics,Bangalore,1,654.0,0.25,Card,490.5
2025-09-05,9121,Groceries,Hyderabad,10,378.99,0.3,Cash,2652.9
2025-11-18,7548,Clothing,Hyderabad,10,779.69,0.28,Card,5613.78
2025-03-01,1994,Groceries,Delhi,7,309.38,0.17,Card,1797.51
2025-09-07,8755,Electronics,Chennai,10,1908.45,0.1,UPI,17176.02
2025-09-26,1340,Electronics,Bangalore,4,1203.86,0.13,UPI,4189.44
2025-02-16,6556,Groceries,Chennai,3,447.43,0.22,Card,1046.98
2025-09-06,6902,Clothing,Mumbai,10,365.77,0.21,Cash,2889.56
2025-11-13,3115,Electronics,Mumbai,3,1408.62,0.03,Card,4099.09
